Alvin Company,acompany,SRATS_xRDP_07
Arturo Gonzalez,agonzalez,SRATS_xRDP_02
Angela Tapatio,atapatio,SRATS_xRDP_06
Benson Kaminari,bkaminari,SRATS_xRDP_02
Katie Craftsman,craftsman,SRATS_xRDP_07
Charles Siding,csiding,SRATS_xRDP_06
Diegato Denzo,ddenzo,SRATS_xRDP_03
Donald Handle,dhandle,SRATS_xRDP_05
Dupree Jackson,djackson,SRATS_xRDP_01
Darren Mangalian,dmangalia,SRATS_xRDP_07
David Smith,dsmith,SRATS_xRDP_06
Emerald Kundalini,ekundalin,SRATS_xRDP_05
Ester Stanford,estanford,SRATS_xRDP_01
Frank Martinez,fmartinez,SRATS_xRDP_05
Gordon Anderson,ganderson,SRATS_xRDP_02
Giusesppe Lusitano,glusitano,SRATS_xRDP_03
Harry Sarkisian,hsarkisia,SRATS_xRDP_02
Jamie Konieg,jkonieg,SRATS_xRDP_06
Jennifer Lester,jlester,SRATS_xRDP_08
Jake Sacobs,jsacobs,SRATS_xRDP_08
Kangfun Fan,kfan,SRATS_xRDP_05
Karma Mollar,kmollar,SRATS_xRDP_08
Kong Nguyen,knguyen,SRATS_xRDP_04
Lensa Margulis,lmargulis,SRATS_xRDP_06
Lilian Smith,lsmith,SRATS_xRDP_01
Madeline Cheng,mcheng,SRATS_xRDP_04
Michael Wu,michaelw,SRATS_xRDP_05
Mathey McKinzie,mmckinzie,SRATS_xRDP_07
Nathan Horsehead,nhorsehea,SRATS_xRDP_08
Noel Nighton,nnighton,SRATS_xRDP_07
Walther Patterson,patterson,SRATS_xRDP_02
Pam Felter,pfelter,SRATS_xRDP_03
Prakash Reddy,preddy,SRATS_xRDP_05
Rasperry Pie,rasperry,SRATS_xRDP_02
Ryan Mataonagy,rmataonag,SRATS_xRDP_01
Robert No,robertno,SRATS_xRDP_02
Robert Tong,rtong,SRATS_xRDP_08
Spencer Carlton,scarlton,SRATS_xRDP_08
Stacy Evans,sevans,SRATS_xRDP_05
Snirban Arkar,sniakar,SRATS_xRDP_08
Stephen Riehle,sriehle,SRATS_xRDP_04
Tetuso Nakata,tnakata,SRATS_xRDP_01
Tammy Robinson,trobinson,SRATS_xRDP_08
Wear Roberts,wroberts,SRATS_xRDP_08
Xavier Morales,xmorales,SRATS_xRDP_03
